inactiveDay,activeNight,inactiveLight,activeDark,mean,std,median,q1,q3,percent_zero,kurtosis
0.075,0.3888888888888889,0.1109677419354838,0.3864661654135338,294.99652777777777,405.6801467940922,88.0,0.0,453.0,33.19444444444444,6.645556573319809
0.0125,0.4583333333333333,0.0048899755501222,0.6149369544131911,377.5451388888889,431.72502144185074,235.0,0.0,587.0,27.01388888888889,4.315503542189602
0.0722222222222222,0.3666666666666666,0.1797752808988764,0.478021978021978,202.8,310.3724682953482,69.0,0.0,251.0,33.05555555555556,8.056700078328538
0.0652777777777777,0.4388888888888889,0.0440097799511002,0.5800193986420951,203.68194444444444,346.3459030995658,73.0,0.0,231.0,30.0,16.201537568914336
0.0319444444444444,0.5541666666666667,0.0198198198198198,0.6237288135593221,315.89444444444445,408.0877676411914,156.0,10.0,479.0,23.26388888888889,7.574150748719959
0.4736111111111111,0.5694444444444444,0.5754923413566739,0.6052899287894201,65.5375,113.4553022627668,11.0,0.0,87.0,41.73611111111112,12.76798933979154
0.7458333333333333,0.1444444444444444,0.7760141093474426,0.1078431372549019,53.88958333333333,199.4719670317484,0.0,0.0,0.0,78.95833333333333,41.44263393319513
0.0430555555555555,0.5916666666666667,0.024070021881838,0.6805696846388606,401.89166666666665,414.23175968251576,316.0,26.0,644.0,21.944444444444443,5.835544418767317
0.1555555555555555,0.4861111111111111,0.1558988764044943,0.4903846153846153,178.2277777777778,251.0397935847852,62.0,0.0,277.0,31.18055555555556,8.528134344669203
0.1444444444444444,0.3361111111111111,0.2570224719101123,0.4519230769230769,185.5680555555556,346.55578579632123,37.5,0.0,201.0,38.68055555555556,16.792497403889897
0.0166666666666666,0.4486111111111111,0.0762548262548262,0.1831683168316831,244.09652777777777,325.6532960107539,103.0,4.0,363.0,0.0,10.051061841181047
0.4763888888888888,0.5736111111111111,0.7045951859956237,0.6663275686673449,74.49930555555555,119.75698696629352,14.0,0.0,109.0,42.84722222222222,12.236585664004537
0.5277777777777778,0.7444444444444445,0.4223985890652557,0.7222222222222222,185.04513888888889,301.1666244715749,55.0,0.0,243.0,36.31944444444444,14.237166439338582
0.1388888888888889,0.5430555555555555,0.2178533475026567,0.5511022044088176,314.24583333333334,401.6695378464408,134.0,0.0,526.0,27.361111111111114,5.558555514043709
0.3069444444444444,0.5291666666666667,0.3694885361552028,0.5392156862745098,191.83819444444444,325.28857055595046,42.0,0.0,250.0,37.43055555555556,12.036089299057878
0.7458333333333333,0.4,0.7316129032258064,0.3954887218045113,42.69583333333333,125.49216736034866,0.0,0.0,20.5,64.72222222222223,47.22048972414047
0.2041666666666666,0.5666666666666667,0.3227513227513227,0.696078431372549,197.66875,328.8346756579138,44.0,0.0,219.0,29.30555555555556,7.431067782722798
0.4333333333333333,0.5902777777777778,0.5140449438202247,0.6689560439560439,158.27916666666667,276.83542748168026,27.0,0.0,193.0,38.75,16.978322138184804
0.0833333333333333,0.5,0.1496138996138996,0.344059405940594,236.90416666666667,380.9853914554103,79.0,4.0,327.0,0.0,12.680736874394272
0.0319444444444444,0.4736111111111111,0.0632258064516129,0.4691729323308271,318.6111111111111,387.1643299188554,147.0,0.0,550.0,26.73611111111111,4.44252704395623
0.2013888888888889,0.3166666666666666,0.2669584245076586,0.4760935910478128,194.1458333333333,285.801886138322,47.0,0.0,296.0,43.26388888888889,7.1089083066227365
0.6111111111111112,0.1583333333333333,0.681657848324515,0.1078431372549019,57.19722222222222,165.75074429639258,0.0,0.0,9.0,71.11111111111111,26.0227918723176
0.3569444444444444,0.3583333333333333,0.4788359788359788,0.4248366013071895,128.27013888888888,252.62191466550345,5.0,0.0,131.0,47.708333333333336,12.82565425686378
0.1416666666666666,0.3375,0.0700218818380744,0.4435401831129196,201.20694444444445,305.4080403530157,43.0,0.0,315.0,32.56944444444444,7.34146599865555
0.0986111111111111,0.4236111111111111,0.2064606741573033,0.5343406593406593,349.2951388888889,542.8549076005725,120.0,0.0,439.0,32.916666666666664,8.954766118273298
0.175,0.3375,0.3252895752895753,0.3415841584158416,177.76041666666666,289.24009895975234,24.0,0.0,250.0,40.763888888888886,7.910744989885952
0.3180555555555555,0.4236111111111111,0.4185393258426966,0.5247252747252747,128.98611111111111,252.06091694832384,13.0,0.0,128.0,41.31944444444444,11.909216014904786
0.2111111111111111,0.4861111111111111,0.2805526036131774,0.4829659318637274,227.2645833333333,353.0562995555207,67.0,0.0,293.0,33.125,8.569153515180105
0.4694444444444444,0.2222222222222222,0.5504782146652497,0.2384769539078156,69.82708333333333,210.1084930104649,0.0,0.0,29.0,58.61111111111112,80.9972505060352
0.2791666666666667,0.5916666666666667,0.3764044943820224,0.6881868131868132,353.04791666666665,549.307354426777,111.0,0.0,439.0,33.33333333333333,9.858539204298268
0.0388888888888888,0.5472222222222223,0.0219780219780219,0.6784386617100372,243.32083333333333,333.0749672754967,121.0,5.0,348.0,2.2916666666666665,16.3883923218176
0.0736111111111111,0.4583333333333333,0.081081081081081,0.5502824858757062,235.9701388888889,334.0572222519492,103.0,3.0,337.0,10.90277777777778,9.17124496769206
0.2138888888888888,0.5236111111111111,0.2393822393822393,0.3836633663366336,226.48472222222225,365.6857729629709,40.0,4.0,306.0,0.0,8.156979679445051
0.3347222222222222,0.4277777777777777,0.4269662921348314,0.5206043956043956,155.36458333333334,292.5675294234352,21.0,0.0,184.0,42.56944444444444,19.59137370983941
0.1027777777777777,0.3902777777777778,0.1135135135135135,0.4915254237288136,212.08194444444445,355.9682177044384,50.0,3.0,261.25,4.305555555555555,14.663857827475145
0.3611111111111111,0.3444444444444444,0.4438202247191011,0.4285714285714285,199.51875,365.7618886699924,3.0,0.0,273.0,48.68055555555556,16.954672479517438
0.1680555555555555,0.2194444444444444,0.3532818532818533,0.2153465346534653,155.42430555555555,254.51031037753248,9.5,4.0,212.0,0.0,7.466465433151943
0.0472222222222222,0.5847222222222223,0.0568927789934354,0.6876907426246185,387.8465277777778,451.0519763779645,259.0,16.0,590.75,21.875,8.839617454695977
0.1388888888888889,0.4430555555555555,0.0635696821515892,0.539282250242483,240.44375,345.38358633861924,82.0,0.0,373.0,33.47222222222222,8.08145326405073
0.2152777777777778,0.3777777777777777,0.3426640926640926,0.3861386138613861,327.14722222222224,534.4287077185287,64.0,0.0,454.0,40.833333333333336,10.281967837315184
0.1986111111111111,0.3097222222222222,0.3503861003861004,0.3143564356435643,80.7375,192.6328080358021,61.0,0.0,81.0,43.05555555555556,41.197048579457984
0.2180555555555555,0.5055555555555555,0.2303370786516854,0.5206043956043956,242.78333333333333,397.951326289912,57.0,0.0,326.0,32.77777777777778,17.181770031978836
0.0236111111111111,0.4847222222222222,0.0097799511002444,0.6275460717749758,297.09791666666666,432.5483252123676,125.0,0.0,425.0,26.111111111111114,14.23583045720466
0.0236111111111111,0.4208333333333333,0.0175054704595186,0.5666327568667345,417.6770833333333,515.3056838148501,178.0,0.0,689.0,29.65277777777778,4.2099329055488335
0.4416666666666666,0.5027777777777778,0.4845908607863974,0.5591182364729459,136.5715277777778,229.02823176834465,15.0,0.0,191.0,44.93055555555556,11.67473030963399
0.0875,0.4347222222222222,0.0586797066014669,0.5674102812803103,242.05902777777777,363.7703419706668,107.0,0.0,306.0,31.59722222222222,13.8797214362343
0.2611111111111111,0.3444444444444444,0.3623595505617977,0.4478021978021978,194.42361111111111,356.42370760772667,20.0,0.0,194.0,43.75,8.879204426179559
